{
  "project_info": {
    "project_number": "52139073809",
    "project_id": "portal-app-c6189",
    "storage_bucket": "portal-app-c6189.appspot.com"
  },
  "client": [
    {
      "client_info": {
        "mobilesdk_app_id": "1:52139073809:android:258ce828c5c8fce08decb0",
        "android_client_info": {
          "package_name": "com.example.login"
        }
      },
      "oauth_client": [
        {
          "client_id": "52139073809-hpl6svi8vkpeto415sbcoaols799ok29.apps.googleusercontent.com",
          "client_type": 3
        }
      ],
      "api_key": [
        {
          "current_key": "AIzaSyASXiUs2f0vNMpy82J2gY1pcF5XetgrXU8"
        }
      ],
      "services": {
        "appinvite_service": {
          "other_platform_oauth_client": [
            {
              "client_id": "52139073809-hpl6svi8vkpeto415sbcoaols799ok29.apps.googleusercontent.com",
              "client_type": 3
            }
          ]
        }
      }
    }
  ],
  "configuration_version": "1"
}